,A,B,C,D
2000-01-01,0.6616781486014425,1.1401586034906472,0.2663566745264721,0.3636778866748344
2000-01-02,1.97136267354484,1.8859270940949582,-1.1204323354023338,2.064776555072883
2000-01-03,2.2521704437581174,2.0675843322062595,-2.2702574727338547,2.0226777721435516
2000-01-04,2.8643784385217343,0.8320331973777981,-1.1989139386485723,2.989869195347051
2000-01-05,4.290786835375265,2.2500608561516575,-0.560859126118948,3.3287914546794024
2000-01-06,4.162415818108468,2.3138943931851017,-0.8048624748458351,2.7721890151548605
2000-01-07,3.885146141050099,3.2867830799237847,-0.6278276543607115,2.3488431764880784
2000-01-08,3.9452253855902786,1.8458554966426692,-1.1142258153139275,3.1205875348244714
2000-01-09,3.7343613519118652,2.1847850280910954,-4.350839698469656,3.262071291303042
2000-01-10,3.4240181378731913,4.534464396490609,-4.854382124239479,2.0479040913205377
2000-01-11,3.6146378851869203,4.9648769236942885,-3.9833342916583927,0.7528631387099927
2000-01-12,2.2783697630947537,4.606720133899551,-4.632471162718723,0.38960001341482775
2000-01-13,2.7672706448026267,3.9353846229265357,-5.207456212052714,0.12199571809098708
2000-01-14,2.624731595989618,4.882907340603087,-5.2975560238716355,-0.2653095220687153
2000-01-15,2.4979195878321505,3.6571379974049694,-5.299639618779844,0.2277787528260971
2000-01-16,2.7882602027086025,4.5722576815260645,-6.083005978662043,0.442704610514825
2000-01-17,3.5502318300936966,5.305415274101251,-6.238706487445115,-0.4176440145079604
2000-01-18,3.330267958676108,3.876565998433564,-4.247259185276622,-0.41457405492592336
2000-01-19,2.033728156078955,4.141699471324983,-4.234274671694493,-1.204678166359931
2000-01-20,2.4686707649733575,5.097866829511656,-3.283083127718041,-0.8182189270163698
2000-01-21,2.11981765167635,6.176273840485511,-2.553270963595169,0.15018471411106404
2000-01-22,2.4155913174387287,6.200577915293128,-3.481546369415722,-0.07441300957635308
2000-01-23,2.8171532838281887,4.383016480476741,-4.059587984667482,-1.0654089254957853
2000-01-24,3.1227613379436034,4.684473440356467,-4.301870916403787,-1.0792149100953974
2000-01-25,4.886276036740686,5.115570473976869,-4.050971741405763,-0.6599464393487209
2000-01-26,3.951641180311284,5.852635074198609,-5.189918761142003,0.13588605858681568
2000-01-27,4.334953802711122,6.364204918236295,-3.43636352436699,1.0750968039175426
2000-01-28,4.9286495257978356,5.376936091286275,-0.7142783048848864,0.20948717778299675
2000-01-29,4.365578411951525,7.166275022796445,-1.3772951536115436,1.5522995866742562
2000-01-30,4.198732681988119,6.579039533540598,-0.8168937053629003,1.336374209759864
2000-01-31,3.7252689828770302,7.873985421397542,-0.04763858344606631,0.36434557509745813
2000-02-01,2.595444953296166,7.866050143018624,0.890521606087207,0.1804675244881398
2000-02-02,1.9482778718132372,9.031896166987476,-0.8570525425830859,3.1034301974398186
2000-02-03,2.8615108240578246,9.034690139352033,-1.033811886826204,2.4599970481817115
2000-02-04,2.57344638404833,8.844593613521578,-1.8467431853320901,2.3787637743048298
2000-02-05,4.035809182108215,7.6794159155641735,-3.578980179646294,2.780634206462352
2000-02-06,3.784425467330888,9.44327523105807,-2.7859997913362213,4.196497192510289
2000-02-07,4.453974843857681,11.241753683623372,-3.23102998836831,5.092596197940338
2000-02-08,5.05805863684896,10.01425220345875,-3.1282989001074513,5.4377591456182
2000-02-09,4.482297751540229,10.214975592293161,-2.074246122396409,3.613625230046039
2000-02-10,3.5297662184929446,8.994263189416143,-3.9093698834783597,4.8474823527559625
2000-02-11,3.114621011243546,9.36788009983185,-4.8698970955081196,5.014629935545183
2000-02-12,1.9433564964989907,9.08649889355618,-6.648839871771191,6.170188706530231
2000-02-13,1.1649768415197568,9.516191624651697,-8.01019372468831,4.696167161583513
2000-02-14,1.3126672871301204,8.925013013075661,-7.957649568905604,2.7371890382573127
2000-02-15,1.7585314398460272,9.11746372732147,-9.001187234909372,3.4451362879919816
2000-02-16,1.0286135879584577,9.965989271248338,-7.422736981752744,3.0233680862046297
2000-02-17,1.9176900651801505,10.255490922526974,-6.120223313965248,4.935277188118477
2000-02-18,0.7371411994750685,9.552946639532095,-5.136281023278997,4.7474265257824575
2000-02-19,1.1411788075156086,8.723670831484238,-6.079010516561265,4.597238466242343
2000-02-20,2.669170608658777,8.830654374812953,-5.108677117680008,5.846748333418473
2000-02-21,4.297904397264405,9.029028487711253,-4.475496158634777,5.956995717162706
2000-02-22,5.70630946161817,9.140496686902177,-6.1455621641271945,7.312128157287758
2000-02-23,3.5552746786425593,9.185426950621316,-6.230378239785729,6.33000841050242
2000-02-24,3.881010310807274,9.632367340106764,-5.8184331580470445,6.853761333306375
2000-02-25,3.6012338378489743,8.58723657583067,-6.263657993583487,6.416791260066749
2000-02-26,5.265050935357651,8.502800443854373,-7.086627943447526,5.003042878637228
2000-02-27,6.895202034863328,6.896857009615892,-7.016720514749886,4.489874103735051
2000-02-28,6.916451815891669,7.296739731826735,-7.498693743385626,5.502383564285792
2000-02-29,7.400023769999927,7.503946276386996,-4.786483978052605,4.434169004496921
2000-03-01,8.072250279116838,7.610267018941202,-7.334905096837105,5.87006042206959
2000-03-02,8.045485335693217,8.105140368725015,-7.9676915339355,7.4287841392622935
2000-03-03,8.35089066314596,9.404909653016098,-7.898238334254068,8.093169694016977
2000-03-04,9.241542560721745,7.859825050756799,-8.37316845068566,7.452263187152251
2000-03-05,8.597154090606754,9.664416843672436,-9.187799262526903,7.262562863284408
2000-03-06,9.583481472739884,11.772124820170012,-8.154599347595012,7.916839823307203
2000-03-07,10.048806945889417,10.822751275251406,-7.574073924390903,9.09981172692755
2000-03-08,9.860453957141559,9.105996625898474,-8.571432548163019,8.810472541921765
2000-03-09,10.42587484421609,9.19119538615298,-8.068035259148097,9.366221026750283
2000-03-10,9.259499946637408,6.929765984832063,-8.116018921500212,9.125416468345195
2000-03-11,9.388543467759442,7.735119157759115,-8.052137633150544,9.332695655952902
2000-03-12,11.108056479619654,5.565970096500404,-8.192553750873833,10.109535651524645
2000-03-13,11.335655709484328,4.682631007271065,-7.373690539734403,11.616787483510215
2000-03-14,9.733477897407603,5.7528551720866865,-7.117706896128928,11.12223742911398
2000-03-15,9.610991497047365,6.183967282699898,-7.227173261553781,11.347724918188101
2000-03-16,9.425964291352798,5.718859073453963,-7.815675509805228,10.206725775251236
2000-03-17,7.53700386299716,4.259498622998881,-8.414426406484443,11.081579814192894
2000-03-18,7.5997688356977475,5.2210197144061095,-8.590798648945915,11.022303676165157
2000-03-19,7.4667322676047645,5.7671969991403085,-9.135553914281612,9.93042514530957
2000-03-20,7.971983498241462,5.507383246800425,-9.347893223866356,9.623002375257233
2000-03-21,7.8081002902303664,5.336660337240674,-11.328213666173662,11.562449584426643
2000-03-22,9.379516157164701,6.782469222358259,-11.391813957210125,12.453060641077506
2000-03-23,8.757802766108016,6.800466946370438,-11.322451335321816,13.135353507041469
2000-03-24,9.387658543852185,6.903318342117246,-11.1731219899079,14.221394938787222
2000-03-25,9.403073835833343,6.71431955552086,-11.53759965587541,15.085126469878015
2000-03-26,10.028942455557935,7.394731870793951,-12.775882004533516,14.790577167871344
2000-03-27,7.920163088762372,8.464869342135614,-12.081725225096857,13.982047413071651
2000-03-28,8.541536073026206,7.624020251747235,-12.217254665636613,14.725948953083138
2000-03-29,7.6457777460646446,8.558818910263037,-12.271064576766703,14.234044189040697
2000-03-30,9.123197142319794,9.820866599406619,-11.882927319886889,13.940240344550826
2000-03-31,8.560951564414983,10.11960747696212,-10.361653872428406,13.432389985113462
2000-04-01,8.841531701245394,11.033699197510915,-8.990196083617807,14.348949295606939
2000-04-02,10.223432135138262,10.918860440617527,-11.048496165452178,13.52989300224655
2000-04-03,10.862474939567761,11.639938973208526,-10.578944809855967,13.961737097676123
2000-04-04,11.72190905620911,11.919144629927295,-9.474714621353655,15.272145081531683
2000-04-05,12.49466887335074,12.332380604079539,-8.904298834483285,14.919968676563762
2000-04-06,10.947811810108881,13.427325396598118,-9.345299761292317,13.975034277651169
2000-04-07,10.961472819034768,13.863822903102376,-10.038491996357942,15.524728815477964
2000-04-08,11.474903548433865,13.995714849661578,-9.036342167556281,14.835923777359493
2000-04-09,10.841689129291336,13.772001122738837,-9.01068249793703,14.542493897782826
2000-04-10,12.134447038109588,13.462644259088952,-7.60987896930236,14.880520324712622
2000-04-11,10.94002624046269,14.519024875256166,-7.08068749298203,15.24499347406361
2000-04-12,10.828761444545057,14.290467139150461,-7.61265791556682,15.154746415215502
2000-04-13,10.611235044232652,14.288168657657941,-8.004010591495831,15.251972796785399
2000-04-14,11.788853927777174,14.146569902568087,-7.267233754459013,16.212939395025643
2000-04-15,12.861313929010967,12.968883526309792,-8.590853980519041,17.09397535812609
2000-04-16,13.008155906529732,13.933551271305578,-7.454487824651848,17.112561834089973
2000-04-17,12.937889938996705,14.012650236470558,-4.189012533976708,17.631086353625935
2000-04-18,12.874271244399612,12.974476259701493,-4.6124632226382545,18.484283331127184
2000-04-19,11.773899600184022,13.248942994452126,-4.465399998305476,19.34455945987125
2000-04-20,10.60851914241471,13.06140065196413,-3.943339513955955,18.401808920697853
2000-04-21,12.72000711605082,12.242018125521666,-4.819827569545254,18.255781975577108
2000-04-22,12.724175350455772,12.889044794894327,-3.548460191935701,18.7522948864213
2000-04-23,13.475452198692535,13.624716993452772,-1.9001600757329227,21.266294905798247
2000-04-24,14.065130663790336,12.734112855182364,-1.1557534520012944,20.602206094174374
2000-04-25,12.2652750592293,13.43092596566812,-0.9974644699358217,18.60420216753956
2000-04-26,12.560041524886243,13.598384074188736,-2.613038137633475,19.042046949297212
2000-04-27,11.302732736634763,14.395902441913032,-1.5091880697632096,20.425823680747783
2000-04-28,14.02421080911415,13.870716594342962,-1.17730093649826,20.029778247700154
2000-04-29,13.561635181260623,14.376987705228109,-1.396015735099159,20.00939930019405
2000-04-30,14.094934904042937,13.984510365718567,-2.0399724537107504,20.074321986632498
2000-05-01,14.448134496737499,14.554233692701473,-2.8521057157586087,21.90684995596899
2000-05-02,14.618762821068689,14.756804788576483,-2.2054282938221625,21.895294831897413
2000-05-03,14.170028301594096,15.544692651994392,-2.146067678631556,21.982608512052533
2000-05-04,14.654064617470869,15.876715952336465,-2.681058653872983,22.684784965155536
2000-05-05,15.808589091269534,15.540480596496456,-1.8448416910609402,21.52538179524411
2000-05-06,15.603069365032976,13.873884991567918,-0.8197168880705756,21.872687224566654
2000-05-07,15.647906111080239,13.074266531946321,0.2948665386635607,22.03212700906798
2000-05-08,16.42666193455151,14.244589155139412,-1.3687648225574733,21.237005431054257
2000-05-09,17.465969090416657,14.838585382763513,-2.4487935065149413,19.591439983372453
2000-05-10,17.84464605209338,15.658994586308797,-1.4743306429137597,20.026406839520767
2000-05-11,17.34847985879978,15.107092452077861,-1.969009466960265,20.607965882860643
2000-05-12,17.238862912511827,13.4772466569401,-2.155848762278919,21.031578866490044
2000-05-13,17.463454706558057,14.227186486211147,-2.6542703276452313,20.685971126267173
2000-05-14,15.133270913691979,14.969596453869313,-1.4632524578109094,20.54928078981607
2000-05-15,15.741210531761775,15.338505634831304,-2.449302346997869,20.470561289019187
2000-05-16,16.85179453409954,15.983909103600757,-1.8354138146494747,19.928777639222197
2000-05-17,16.523330453214708,16.224674654978465,-2.596753102438373,22.029128208097458
2000-05-18,15.18657504947624,17.073462892677476,-3.142162395045885,22.681318506642636
2000-05-19,15.950268538031983,18.254859196162258,-5.234054995484897,23.468126308368724
2000-05-20,15.84443925589416,17.51053997799543,-5.113608708939675,22.816760213505127
2000-05-21,14.812782029951027,17.25235173296933,-6.065194232549116,23.23017746142726
2000-05-22,15.627563919732513,16.913099939737045,-6.967382798964423,23.384887716884712
2000-05-23,14.279917997578451,17.03168972390546,-7.05898037967751,25.674412996557297
2000-05-24,15.706687015389075,15.682494541951014,-6.151648985600174,26.020151996378434
2000-05-25,15.347346386848221,16.134636414044817,-5.286825444664766,25.285877333661002
2000-05-26,15.245524990894868,15.167963592734475,-3.596070337280779,26.546950694218122
2000-05-27,16.245542832095495,15.155306559324357,-5.582586460158505,25.38077137492906
2000-05-28,16.525504928131806,15.334673275149024,-7.066302784307653,23.23764061781906
2000-05-29,17.63780112432197,16.80566183264712,-5.744959514571357,23.750847917498554
2000-05-30,15.668973266914834,17.10073487444849,-5.5924263569815835,24.258004504404624
2000-05-31,16.22248893852725,18.07667535528096,-6.1346667410873685,23.101782521708415
2000-06-01,16.464911489000166,16.33929019689609,-8.079877990703537,23.93307814295362
2000-06-02,17.04419891797467,17.048971888688943,-7.955100904246249,22.87794165242116
2000-06-03,15.884481633375758,17.218520722584092,-9.865147964056947,21.806029353130047
2000-06-04,14.955498725179428,16.124774538865168,-9.876359695782918,21.76268882607943
2000-06-05,16.58338430144204,14.25979459764961,-10.991783475707448,21.153688598752996
2000-06-06,17.193332102769116,13.953828964952836,-10.934904640901957,22.118576453114553
2000-06-07,17.92672877335408,12.520392457389066,-9.98121300047309,22.011270081804163
2000-06-08,17.651849077589702,11.889333808152887,-10.440784066458562,21.599011476564762
2000-06-09,17.218857616392906,10.912065353194693,-10.005701228980598,21.800945008789757
2000-06-10,15.913257216330846,10.592655329750228,-10.417707767765243,20.48069013333833
2000-06-11,15.555109945695051,8.878509378083942,-10.732334757384734,21.65421658619868
2000-06-12,15.629290613970127,8.651625794697825,-10.612076417352345,22.130022060007875
2000-06-13,14.515685807176384,8.894725684470771,-10.784443144937292,23.22988371453782
2000-06-14,13.922412683995114,9.85845856498592,-10.82654375940047,22.76744911439652
2000-06-15,13.779372075648931,8.248121862340035,-11.08617568691334,23.81826696192556
2000-06-16,11.634412205511527,7.8047522494329025,-10.531314227694574,24.074940811996107
2000-06-17,11.52554943607127,7.027847116362431,-11.077865593227978,23.574847050606934
2000-06-18,12.49665420246507,8.540312562399967,-9.412454727771875,23.09209822720668
2000-06-19,12.702608137316808,9.291862545155498,-8.201494099591836,23.03794304596361
2000-06-20,11.975348927659935,9.689671198580884,-7.725344647633425,22.929551320318343
2000-06-21,12.690848963981658,8.43341232892254,-7.88929389988218,24.02857340724281
2000-06-22,10.362028952654544,7.247675861497453,-8.212061220517192,22.891888830722117
2000-06-23,11.056000932476817,7.141978424892346,-8.165555735971681,20.87426434404749
2000-06-24,10.686717168449237,8.11330403157824,-6.816218974623848,20.74897892397497
2000-06-25,11.905982737733904,8.603927054253411,-4.246231353287179,19.8560037741584
2000-06-26,12.341256527607776,11.169624437115795,-2.5404848142038903,17.76562921381454
2000-06-27,10.731711162200915,11.813676578872757,-2.3703411084210297,15.793388456940018
2000-06-28,12.232348956488543,12.757922169783814,-3.3682803105850203,16.68471559212697
2000-06-29,10.07954477948985,15.265131491608802,-3.0304788897489336,17.292196717977404
2000-06-30,7.924504472116311,15.739608048645987,-4.759632985905489,16.05558481321675
2000-07-01,7.970735797419538,15.082226721494694,-3.7659095572322436,15.016845329316375
2000-07-02,10.414134519849576,15.356328431498472,-2.1140751023265345,14.659291136056408
2000-07-03,11.179078648096572,15.19271461799263,-1.2781352482363384,15.731650360675957
2000-07-04,13.044406291602638,15.933097054426947,-2.3663862738230987,16.513285186006797
2000-07-05,12.384234024270297,16.13320868408837,-2.1077769921980596,14.92928983832101
2000-07-06,13.618460862002909,15.168918447779202,-4.037890958790066,14.434813830359362
2000-07-07,12.444875799070447,14.20373575905423,-3.0611215074419116,15.378728785149054
2000-07-08,13.606475911639075,15.704159050683096,-2.9179195313193946,15.885712117526387
2000-07-09,12.464473835670567,14.945434344504644,-1.6112632956159352,16.569865222478562
2000-07-10,11.328729493374514,14.56115669509248,-2.2883057542115486,16.973708007119516
2000-07-11,12.378712145049374,15.527736783273642,-2.0703742728016086,16.554301823883787
2000-07-12,12.296039035427388,13.36405028612686,-2.264126631400932,17.263902118577235
2000-07-13,10.456427954672067,12.745790069906061,-3.9883825399165644,16.77967788623791
2000-07-14,9.482799817193126,12.311012858459002,-3.6114944459442384,17.369373241746725
2000-07-15,7.369410320513934,13.885866532053193,-4.769923634783068,17.990026262093288
2000-07-16,8.724460415573693,12.37078634119456,-5.507449182728138,16.86078150510274
2000-07-17,7.873899711995168,10.698001948205079,-5.655172299250255,17.031634280764866
2000-07-18,8.361953662576063,9.677264483894538,-5.164606821663749,15.62532957578483
2000-07-19,8.92213155948295,9.834174369233716,-5.65192860868081,15.173463570673961
2000-07-20,7.7547369940753805,8.82253905376816,-7.15031195920428,15.235603704405447
2000-07-21,9.74481616707802,10.575456177871999,-7.535919352682129,14.288617576107471
2000-07-22,9.647628296752126,11.484780741854262,-8.929912920472114,14.523600191989047
2000-07-23,10.496567887609151,10.917946578557121,-7.613984846872626,14.275697073608745
2000-07-24,11.551611167076176,12.052055790216949,-7.982256747613302,13.701761384335608
2000-07-25,13.417280354902516,10.813436996620164,-10.807163737629581,13.0810224684897
2000-07-26,11.881041533794113,10.698182770687946,-10.04416329834214,11.539136628477847
2000-07-27,10.886642961784002,9.02118992594975,-8.39703271857505,10.941760850390038
2000-07-28,10.00364457018966,8.191920562604633,-8.121243051540578,10.37002523881037
2000-07-29,10.58683103052417,8.450267834379904,-9.35942506073728,12.64255329424579
2000-07-30,10.49570861924389,8.046581592861381,-8.497784352138527,11.167967109518285
2000-07-31,10.749182014885372,9.6981145709278,-7.674514989319958,10.301722981519424
2000-08-01,11.124916781139982,9.25126702975875,-7.052716983134122,10.606872820492464
2000-08-02,10.212170584793231,10.412453789825163,-6.4259310644824685,8.417889392538747
2000-08-03,9.08180587852476,10.679004887746242,-6.840834704130199,8.963372939105042
2000-08-04,7.652006135281554,13.086790317713497,-6.870330179665972,9.684728765327138
2000-08-05,8.2664301416975,13.246195522061504,-6.293498185985282,7.9395938696123
2000-08-06,6.278305995998372,14.305295412939593,-6.182432712683668,8.816003808460083
2000-08-07,5.960316157726809,14.540367512688565,-4.997695922870082,10.287969575370285
2000-08-08,6.4920582858769045,14.610188668234976,-4.150572436858966,10.86773329509313
2000-08-09,6.204915435279526,15.58797443054243,-5.006742105092394,12.440301865525043
2000-08-10,4.7244961120037585,14.492727463082018,-3.316386414591472,12.050788278285895
2000-08-11,5.380891170947969,15.48810450906066,-2.080705238914592,12.66252965243947
2000-08-12,4.242734699168325,13.882558779746859,-1.6838511386851884,13.12421164512537
2000-08-13,3.3514772230368,14.97390533975954,1.2244061158965716,14.82006930767863
2000-08-14,4.666458917186928,13.852613596422337,-0.04794377258986615,16.641557258914247
2000-08-15,4.184375636966725,12.628343916985864,-0.15316617683666212,16.463330599758272
2000-08-16,4.435696495819714,11.830597544942991,-1.4264796285638721,16.42017989875354
2000-08-17,3.0650725788946422,12.99678892430344,-1.476280847038246,15.635524569705524
2000-08-18,1.6315813702646706,14.026410376452674,0.35672787892989843,15.549380339560575
2000-08-19,0.5171011367287464,14.971900226175123,-0.4238348262908487,14.74069331006823
2000-08-20,0.6561151413237029,14.605484089971698,-0.9977338857023911,14.152278280194071
2000-08-21,0.2813730410987365,16.17987427670071,0.38978882189360353,14.552470260886206
2000-08-22,-0.7121043094563757,15.567233192028954,0.2608817470860057,14.926762633878749
2000-08-23,-2.9467147200335506,15.883495105472994,0.02364374587300097,15.679200938540756
2000-08-24,-2.716500351082816,15.421381174975732,-0.7747496607634663,15.628455824187334
2000-08-25,-1.2143377205587407,14.309981460052038,0.19540312403696725,16.338404851956852
2000-08-26,-1.4399155392225487,13.599029266205667,0.2610538247832973,16.60656065258473
2000-08-27,-0.860438985099065,14.834345687589892,-0.8755761568580921,16.849095864273558
2000-08-28,-0.7102992627219676,15.458337656410908,-0.8873238048046104,16.398949691022306
2000-08-29,-0.972250069714024,14.219803397555555,0.9272667698667219,16.787879592600973
2000-08-30,-0.5280644695742791,15.1533723423938,1.9347666158175751,16.006613654575013
2000-08-31,-0.9119271747513735,14.581299897749247,1.5426747239186283,18.950159789246563
2000-09-01,-1.6120997263146575,13.888468386865636,3.5286707498446965,17.762906266784547
2000-09-02,-3.8293461547724736,12.332267097475267,3.7359248278387285,17.48332609071782
2000-09-03,-4.131775763307262,12.01927966871399,4.855802816118237,18.5815140156334
2000-09-04,-2.4295300174778793,10.974064045168202,3.9603870762269997,17.853174180454417
2000-09-05,-2.614422507972128,10.278874552432423,2.709035414648973,18.94051060083408
2000-09-06,-3.188233902284325,9.825799630449344,2.2379424664115084,17.81040901528037
2000-09-07,-3.3012348854321125,11.223319017651448,2.8033245880316326,17.74041515606248
2000-09-08,-2.163115894336613,10.803808680433756,4.164953371469249,17.395210788175884
2000-09-09,-0.990714276823234,12.499176334762945,4.894013357533429,16.27779704189819
2000-09-10,-0.47747064254990823,12.67550204841318,4.9668882837468855,14.404641207029304
2000-09-11,0.2477794448586751,10.94897768449783,5.2779079013827195,14.858560389234535
2000-09-12,-0.23195776532213747,11.032554553926904,4.030200902783857,14.55910803324512
2000-09-13,0.06347492055981008,11.929316382643904,4.485547725433814,15.210791906076082
2000-09-14,1.1782773728689344,10.012329504482697,4.13905969967161,15.433601390109475
2000-09-15,0.9884612370014619,9.814078216798158,3.985788606412576,14.378597337631243
2000-09-16,3.1880413952159565,9.699594269709923,4.459830323646452,14.791863480088086
2000-09-17,1.3870439234196683,10.655954989749471,5.12844245512366,14.615811107130183
2000-09-18,0.298608562350007,11.138488585155917,4.1572069085149295,12.912217062821092
2000-09-19,-0.969363504341624,9.434680334298703,5.759711204015542,13.192737267835176
2000-09-20,-0.09373551555250148,8.728579954604458,3.8536397977074346,13.814493986305367
2000-09-21,1.255129350452746,8.163351725300265,3.096374334738639,12.969449901872686
2000-09-22,1.708016180325481,7.799469742475416,1.0721796631431286,12.654177218105204
2000-09-23,0.3727782749192283,7.360895867411183,-0.07690359218949916,10.46085613126869
2000-09-24,0.5022467948836156,7.317534246770709,-0.4193522817459575,10.660197563513647
2000-09-25,-0.2004808845233237,6.789871472210126,0.31875560735671526,9.931614496787342
2000-09-26,-0.09616078115283917,7.740577505494215,-0.39201152423934393,9.608712530196874
2000-09-27,0.23456036652075923,6.672182752765227,0.5819021815211276,9.473556175616155
2000-09-28,0.6372151117804516,6.495836038155862,0.4596760532109198,10.409697847785793
2000-09-29,1.0639264244315392,7.253103249853341,-1.1140163195606663,9.512906175146322
2000-09-30,-0.641663167271322,8.836479663942308,-0.5096203400765799,11.016471680594288
2000-10-01,0.4410039920216582,8.036939345534567,-0.7524883383507933,9.754886651990695
2000-10-02,0.431350158962512,7.055091003979303,-1.4521798398436452,8.997713436865606
2000-10-03,0.8242889572481897,7.155509846989903,-1.3543621587220593,9.253651076005065
2000-10-04,0.8916118272474914,7.057365337046297,-0.8872588693740546,7.9671284509002565
2000-10-05,1.7463718403671842,6.833359530893629,-0.38643606822332566,8.327484844735178
2000-10-06,2.6731080170411667,5.204512853487515,0.1704099619233974,9.026648444200854
2000-10-07,2.1924004950404927,4.421421114385015,0.812117959930751,10.527653890824034
2000-10-08,0.023325738200683066,5.040451795459768,2.349785345971782,10.02822951447897
2000-10-09,-1.0408385658182493,5.045959163474273,3.564374165344261,10.666807993096725
2000-10-10,-1.5027213753047333,6.142080119843644,1.919890090450903,11.654777504059016
2000-10-11,-0.5579463924540841,6.940183823542162,3.228758720750723,13.54922267024681
2000-10-12,-0.3491391785178219,7.042262906705444,4.089728723728183,15.62422071831889
2000-10-13,1.2753850904557502,5.446346610727257,4.815140700858173,14.73910237264626
2000-10-14,1.8076527412044974,5.231972140532115,4.567945488416394,12.889938263554203
2000-10-15,2.215654373484626,4.557156819170111,4.897764761575203,14.222984422760375
2000-10-16,2.1602670722008748,4.440238778659044,4.4435653218113815,14.516817403290247
2000-10-17,2.95641934270787,5.540697199174049,4.225873465168607,13.969849542247347
2000-10-18,2.2095633914408754,4.729486259108869,5.206017416232162,14.030328045356347
2000-10-19,1.8285572250774547,5.716765799493419,3.056186880606803,12.62960840577162
2000-10-20,1.3484875456249117,6.231721077523343,2.2609246526857705,12.363672187584761
2000-10-21,0.7995108174143049,5.57437299732239,1.7003239338917142,12.058078141632372
2000-10-22,0.09841353011884024,6.2250605463052775,0.9022039100155292,12.309065735313268
2000-10-23,-0.6435123741604387,5.600469588364319,1.1747300078122112,11.024236317883005
2000-10-24,-1.3653385211095088,6.0272573644400556,0.8054914683254175,11.178013311599916
2000-10-25,-0.914864006579361,6.230512339151542,0.32134683729295715,9.983223148900427
2000-10-26,0.45001901016727097,7.021556140221049,-1.5791493819433982,9.835606217231296
2000-10-27,1.0477183137040504,7.714060851043007,-0.062052139873248535,9.076647999249545
2000-10-28,1.61019645381232,7.871982982238073,0.988095906552805,9.871704261478728
2000-10-29,1.8369322066215557,9.046717631325423,0.6179979254474628,8.809894688628827
2000-10-30,1.484658042017902,9.745593107442684,-0.43275409124727315,9.497041183894948
2000-10-31,1.9451628676714052,10.55339867446706,0.8915566495985945,9.399506668179212
2000-11-01,1.853470601836489,11.756809384250918,1.3350622368744556,8.930355681227345
2000-11-02,2.0995657257539557,12.664078276895351,1.2717244979361233,9.458196101460448
2000-11-03,2.8919100216957396,12.974209081899774,0.5539016693596708,9.041435593067304
2000-11-04,2.8864693171377835,14.80029508918083,0.8764941209664654,8.222238664314142
2000-11-05,3.0197579665572483,14.974523468113414,1.2057664700051138,10.426179987048556
2000-11-06,2.0249148594182707,15.647121191776638,1.8917713973924801,11.627733557774462
2000-11-07,0.9673798127196114,16.413945551864835,1.6558199163278975,11.522253226836865
2000-11-08,1.1879158382918615,15.664178020786807,2.2915636816256035,12.16500405543811
2000-11-09,0.9429883791709761,16.12159658344437,3.0115729567688154,12.772918723570898
2000-11-10,0.9673129561566511,15.370668991401134,3.2795455514218874,12.35920325988642
2000-11-11,-0.25830619962957146,14.490336262781671,3.6491961065783594,12.773515676406076
2000-11-12,-1.4493982150455946,15.65141594149232,3.173056793729307,14.192465840485742
2000-11-13,-1.4814864461511024,15.998798406076736,3.66931496417011,13.766567973011533
2000-11-14,-1.1651982578104498,13.658152225477444,2.648688282059675,14.338177622743281
2000-11-15,-3.7676068169605816,12.956956149954044,1.322988456896331,15.432000923863109
2000-11-16,-3.55044763987782,11.540307005373217,1.5163429405574926,16.902357735355583
2000-11-17,-3.822263602882039,11.589277375745242,2.0426119801134246,18.73183067642272
2000-11-18,-4.23173451214916,12.628407052586155,1.2773437116247783,18.142838137486024
2000-11-19,-4.118004604298789,12.418753869434179,0.49307870900770556,18.514738676040828
2000-11-20,-3.4460571521366976,13.84021955491152,0.41293767550246985,18.691055477395796
2000-11-21,-3.226319448577112,13.927547783679705,-0.004556247456551865,18.370717543840215
2000-11-22,-4.864362820365196,13.409975090993546,2.4708007215041814,18.241924025524323
2000-11-23,-4.211555864982836,12.950456639748985,2.5173423216955317,19.02085991843974
2000-11-24,-5.611048054209892,12.966291805776288,2.321616964301631,19.67391423398994
2000-11-25,-4.855513238399021,12.321063973591329,4.685132844851516,20.280510428951356
2000-11-26,-3.993922788022119,13.018865868649954,6.271731772100076,20.41075970839844
2000-11-27,-4.511650220047645,13.109061736930629,6.653076964183791,18.998415264455573
2000-11-28,-4.893905089258367,12.42815403967443,7.188039209600961,20.60287398499483
2000-11-29,-4.521078663561123,11.16846329560201,7.617759032288403,21.591670441051974
2000-11-30,-2.701724533825796,10.899827007100612,7.408387543034522,20.083783395413494
2000-12-01,-2.63984121780951,11.53618765759912,7.703955664138058,18.54864247835437
2000-12-02,-1.189003221460934,12.099656203836082,7.01531782873941,15.700593350342452
2000-12-03,0.43604535071458894,12.238465637428856,7.555596547587104,16.10576295076744
2000-12-04,0.5504241547074546,10.776364797781072,5.401369189394876,14.449294064355623
2000-12-05,-1.2838419352335557,10.909315800492362,6.583911949373139,15.939861269349324
2000-12-06,-0.9585639177968921,11.244920221360202,7.23117033501256,15.892097079055105
2000-12-07,0.23994622713540914,10.665195932706622,5.727029691891763,16.975588803427133
2000-12-08,0.7000978328026513,10.781573378008238,6.0142838965892045,17.1687360650473
2000-12-09,2.561982322887925,10.11187913252281,7.244833705400314,16.820206203040943
2000-12-10,2.8254629185860436,10.137962444491645,7.478407668007421,17.17490931552849
2000-12-11,4.545700607215009,8.208270105904967,8.851126493723005,16.664508858438097
2000-12-12,3.1483643451375607,8.949851079116037,8.49397533977069,17.83030637745583
2000-12-13,4.285546270532118,7.54553768751804,9.203310433221484,20.214994463211877
2000-12-14,6.159525074701011,7.608227947283709,8.778727830200879,19.217340624015165
2000-12-15,6.259241976992706,7.94740924041074,9.78218974178866,18.733446026078543
2000-12-16,7.425274567163271,8.20244757895183,12.061551585754488,17.828261428262646
2000-12-17,7.445908241029269,6.139693706555779,10.772010529265103,17.356732931839723
2000-12-18,6.2689669108769195,5.466082310763518,8.873247522251713,16.78607444892807
2000-12-19,7.702885302362303,8.557358436592878,8.851040434478204,16.12170994252412
2000-12-20,8.052232684650544,7.401222163561171,9.368800510972074,16.332183340653163
2000-12-21,8.345885163912177,8.258964693011166,8.450228409412496,17.165822225655123
2000-12-22,8.02583672113618,10.229676588990017,7.938907990185987,17.799400677342216
2000-12-23,8.444384760616956,10.803200811215303,7.110385536022525,17.940023573455438
2000-12-24,7.8664419668847145,10.009301534388438,6.581381825405179,17.940047663613353
2000-12-25,7.247623030367453,11.411860894781308,6.864484787206873,19.017242414894653
2000-12-26,8.058492736969606,11.700660361407726,5.505980026155689,21.109890574582746
2000-12-27,7.105156707971432,11.987340910160414,7.388068760446185,22.474501799522454
2000-12-28,7.706613425088622,12.170437609065408,7.568895694296441,21.882941965351463
2000-12-29,7.582777965686924,12.438591771462184,10.162092161988493,21.005141925535522
2000-12-30,7.801278988438183,12.980108439988783,9.444889343133138,21.415426944547445
2000-12-31,8.893004537521058,14.376883729062879,8.626110834401798,23.6315882874402
2001-01-01,9.221935445464457,13.186044788211047,8.331492856238057,22.716265892342957
2001-01-02,9.777118455681947,13.34844590278291,7.7145770875407385,24.595321010093073
2001-01-03,10.354852193167801,13.10806631398814,7.675415966769539,23.01333371021859
2001-01-04,12.46507889369282,12.581126198534413,8.036769115694476,21.10346312641827
2001-01-05,13.244780879060288,11.472838518440545,8.483053901761101,21.573180358643523
2001-01-06,13.81566888441502,9.826354585308385,8.569773684847203,20.447823527615984
2001-01-07,13.447276177072263,9.37761888150736,8.506451804312826,21.251122644117753
2001-01-08,14.157346992258098,8.710290107184688,7.6670112761527385,21.713542686480302
2001-01-09,13.657221131780643,9.140522189963361,7.172397331963518,22.691931513957925
2001-01-10,14.720179298103401,9.120397010683286,8.332100254890406,22.943422124401422
2001-01-11,14.773735662589873,8.701674238029941,6.557796573799621,21.67676337141327
2001-01-12,13.445863381305326,9.217719778383099,5.660739924731402,22.076987113487505
2001-01-13,13.710013068949277,9.356820952930411,4.799642707047931,21.57203516125492
2001-01-14,15.125560460412784,10.07661278035409,3.188385494454894,21.878625508994176
2001-01-15,15.434271727292721,9.193205643219564,2.0917229885921307,21.704182078003516
2001-01-16,15.720206501451065,11.399648050158003,2.7556591936282033,21.75753942641676
2001-01-17,13.969116286998954,11.205592766160057,2.527895488758484,20.247616628063245
2001-01-18,14.680505290931777,11.044778311037543,2.7273788678804056,19.520180425854424
2001-01-19,15.642495506744439,10.92070479083431,4.336193660567089,16.40028316441566
2001-01-20,16.35801381023172,9.953236838903695,4.913346903786795,17.022003398625856
2001-01-21,17.24533416040052,10.557819995714667,5.49251802357332,16.518732322597955
2001-01-22,16.367402558402606,9.504790816494422,5.40450550320112,17.8227048668508
2001-01-23,17.171241525360756,9.002587134753073,4.989644130870821,16.808568547738545
2001-01-24,17.260598890286943,8.310694524404907,5.263748143465704,18.56142126765648
2001-01-25,17.220923944602493,7.780490554445414,5.1552596270366955,18.59519031766511
2001-01-26,15.892201856560249,7.748204823520254,4.088107050722934,17.392869559076424
2001-01-27,16.537281712455357,7.400233120909872,2.488951127570198,17.698575726179847
2001-01-28,15.923084244078822,7.206130052330323,3.941169417198329,16.41930699216652
2001-01-29,16.979243303723138,7.219413507575427,3.3569935527356662,17.5192616069728
2001-01-30,16.2948239361495,6.619829636120542,1.4601640351160163,17.53755622853395
2001-01-31,14.192227969356264,6.632554585884152,0.9441076369022556,18.161465959242534
2001-02-01,15.667044762587933,6.901001182720602,1.1916057361228567,20.923339660920224
2001-02-02,14.106881404994738,5.714877241307789,0.5614915528238876,19.586504162775555
2001-02-03,15.285319480076645,5.2852037897158795,-1.781972872390821,18.882201558253005
2001-02-04,15.662877020576422,4.311363146740644,-2.845691608769382,19.96741104286833
2001-02-05,15.80397930149198,4.259302247310712,-1.8523897024883618,19.12620050435533
2001-02-06,15.879469686513067,5.111588095992238,0.43014577394523235,18.624308210974256
2001-02-07,14.40342550240942,4.935147536570941,1.1596189531794245,17.741464127545445
2001-02-08,13.973474500085922,5.391852970785388,0.9161319091435306,19.455412067950878
2001-02-09,14.166796080495663,6.9868370660348695,0.9848770624393863,18.89699121717416
2001-02-10,14.55086371588537,7.919521510006106,2.339976674723063,19.36267140205023
2001-02-11,13.936538975414887,5.821956462444382,2.831181671534537,17.761708478726625
2001-02-12,12.728909483219164,5.956185786444813,2.567403453479548,17.810430726979593
2001-02-13,12.800960819552149,5.400333395424841,2.460115372816887,17.89760104512625
2001-02-14,11.212396214874449,5.888005669556011,1.689670269007395,18.84607168014896
2001-02-15,10.743403226281465,5.5248591058787495,1.1028334968209934,17.750367180701506
2001-02-16,10.498032743128762,4.675682559773534,-0.31246674983748157,18.95819582584434
2001-02-17,11.278525645588704,5.982407985809944,-0.8155585531035453,18.57156386722577
2001-02-18,11.096261859924379,7.162624384883033,-1.3007566837668312,18.681572897257972
2001-02-19,10.981072399003939,6.8017480626275955,0.860095509672812,19.22183568222846
2001-02-20,10.248157811949023,4.669258126927556,1.273412754748191,20.878156371223444
2001-02-21,9.356446816669537,5.497497550181247,0.9469716338185563,20.05957419075072
2001-02-22,10.502749217512742,5.800061759359522,1.971141940172224,20.24311730686226
2001-02-23,10.209318848894101,5.025276398496011,1.1809192591645388,18.82913294486297
2001-02-24,12.129745963691697,4.915805498619421,1.7972994678133372,17.538818532131103
2001-02-25,13.509549603772475,4.828515153738979,1.3162151270121862,15.966357593174592
2001-02-26,11.989469338629771,4.169485833443716,2.238205821300126,16.49617984314122
2001-02-27,12.793029586997605,3.8146271724269427,2.0741643471965943,15.861874363031047
2001-02-28,12.602565576434237,3.7320927836977202,2.414948901311423,15.74419196878951
2001-03-01,13.590157938731599,2.803759984087865,2.082214112487203,15.664019082063762
2001-03-02,14.22653257605607,4.14203619474528,1.6693113978342744,15.14898746333093
2001-03-03,14.656006666539877,3.2245236094488217,2.864742533713388,15.22409988531561
2001-03-04,12.303690782568497,4.069364758835401,4.5682935481808125,16.14659343097652
2001-03-05,12.71962695812903,4.606544795892708,4.84441813843277,18.95593490045948
2001-03-06,10.665236757071437,5.715285615482508,7.282564532277293,20.368526851368348
2001-03-07,11.089103848804706,4.393895356891987,7.009935256808032,20.189795470724054
2001-03-08,10.484320819754386,3.9542976497430367,7.981799876702588,18.397453740338694
2001-03-09,9.765943959552708,4.184450971864937,7.9824902215883755,17.884643136619484
2001-03-10,9.311919885004441,3.5819083792894384,7.554562553735695,15.928532449022317
2001-03-11,10.230843215141329,4.0496514354571485,5.5961778610761455,15.51449821922551
2001-03-12,10.276470708752639,4.4975846738465854,7.362631746471447,16.75788800109583
2001-03-13,9.797718228142914,6.543667319577757,7.8189451848953055,17.730214948005756
2001-03-14,10.614269771111244,5.327627432934855,7.528519090358657,17.87373320519443
2001-03-15,9.612050910936947,4.946843393542998,8.389912527056419,17.89884240734994
2001-03-16,9.433272001300319,4.859297103855423,9.242722522007977,19.135017730818888
2001-03-17,8.716683829163587,4.531789490027128,10.918697026124892,20.01006550525888
2001-03-18,9.140267345906288,2.1900659679286583,9.389112271477865,21.100171637376366
2001-03-19,8.259199064122175,1.080742057492907,9.536358814878776,18.703307075385165
2001-03-20,7.672673397144044,1.821469250505797,10.02641718135266,19.885378299940708
2001-03-21,8.743141771050563,3.0615273812975037,9.916358566721014,18.210275134552255
2001-03-22,7.968994077071635,4.117152122317528,10.083895829410235,18.822051351948858
2001-03-23,7.714154974760499,2.037963721491075,9.58051930384094,16.8116537245781
2001-03-24,5.837630584374647,2.020449649028649,10.762809814570918,17.28262572183163
2001-03-25,6.913028598606511,2.995940742841099,10.70926276282646,16.484114491144997
2001-03-26,6.962717022430134,2.5555798984451568,9.634797408195205,16.831090856291937
2001-03-27,5.55718760742867,3.461029900647554,8.948023560837829,16.56909981971874
2001-03-28,6.026437263193895,3.48764269369645,10.715134339154172,16.40948634335637
2001-03-29,7.849610443959012,2.7713208519038983,9.363600830190062,15.659889406863014
2001-03-30,6.658089562041342,1.2548146495513435,9.401081993364254,16.33410064302398
2001-03-31,5.381777033640802,0.8945896302836807,9.163264947623054,19.270317673288197
2001-04-01,6.0979387427842155,1.3963680783407806,8.702713072997815,18.587916516115
2001-04-02,8.194148322273978,1.8924802489856767,8.542954840252602,19.596410386850287
2001-04-03,6.905974841346848,4.19591629248511,7.852890780893604,18.75142412133555
2001-04-04,6.5345344095926015,3.232296082288004,6.422192896462294,20.591277997470915
2001-04-05,6.113214767316746,2.028320697784268,7.456653457556381,20.648423360064672
2001-04-06,5.18687018252638,2.1811698675471933,8.773936494584555,20.61759222100087
2001-04-07,4.813728127173368,2.523509593989079,9.820380983276594,20.590601543291818
2001-04-08,3.370807824238761,0.8397486235184364,10.96078341870687,21.841755640553686
2001-04-09,2.6182287812627147,1.5524775086683609,10.370927461428607,21.00353666459532
2001-04-10,2.864974453021619,1.3406358919947863,9.166915510956247,19.877934291754197
2001-04-11,3.2211731529478613,2.11304764555092,10.095489110203998,21.08747035509305
2001-04-12,4.573088077426394,0.8561036678411693,9.776598988464395,21.465183655124914
2001-04-13,5.200773785470874,0.5979502855693037,10.413520798361121,21.22405832750002
2001-04-14,4.4622453799264346,0.5087758602485246,10.162057200318706,21.222271544073077
2001-04-15,3.4462975952369606,0.019334688789695853,10.376198434827385,22.56627379607755
2001-04-16,4.7028504481855755,0.5327259949987162,11.215283082305087,22.776318811996763
2001-04-17,4.519369964602605,1.3024423190671928,13.175811315353037,22.056282521690452
2001-04-18,4.034384472334118,2.022829248304577,12.793746780444183,20.241254277839463
2001-04-19,3.0713837012161402,1.1564375073350046,11.975806701689452,20.526297262372236
2001-04-20,4.5806771948351885,-0.11738231773799201,11.613830023545624,20.66985998257956
2001-04-21,3.6117639602558143,-0.14602070741335704,11.787466004362942,20.743934462831298
2001-04-22,1.3093211666914484,1.6071822158245295,11.991767293164315,21.12885375077998
2001-04-23,3.2362924737235454,2.2084299855970295,11.08042153678916,21.01742888091334
2001-04-24,3.3302616577592534,1.9455867050218592,11.764225544426095,19.995051413974505
2001-04-25,3.9524902234226387,3.5460075930737798,10.721817153957112,20.228830971245124
2001-04-26,4.567880505436909,4.054148051541649,11.608882166476553,18.926050314156182
2001-04-27,2.9757875778591147,3.015389939121037,11.313594848588776,18.198923223347858
2001-04-28,3.66907597151888,2.5187390557828357,11.195617052508224,18.015680262350298
2001-04-29,2.720260283735962,2.441279963532978,11.479127626784392,17.181965128545876
2001-04-30,2.0043060630857754,1.8582381339132885,11.331132226381747,16.291102032606958
2001-05-01,1.8567218688242664,1.5134314345635649,10.867818731593054,15.410815607711102
2001-05-02,0.49894294134912864,0.9086299235150355,10.259708500749372,15.832041179084216
2001-05-03,0.06563329829526621,0.9561062354840004,9.480007831091271,15.23161051386103
2001-05-04,0.5755092236510779,-0.8865692472168485,10.64635436683913,15.307585580135873
2001-05-05,-0.45341102165531644,-0.07570460837959225,8.931446057084415,15.532891501089203
2001-05-06,-0.5243338248743389,-0.42712265518939563,7.380024838911783,14.72740345124516
2001-05-07,-0.5332217843202725,-0.4620669905902735,5.9945935234064205,15.272996861199767
2001-05-08,-1.2958589469056843,-0.9257734024120823,5.769587031683745,15.423764583046754
2001-05-09,-1.111005055654913,-1.6846973183730556,6.519642116970694,14.99739618767328
2001-05-10,-2.4134802313854755,-2.306101558567833,6.470702443932061,15.472844240226022
2001-05-11,-2.4242331594266013,-2.79146139935764,5.024501531128058,16.628975421131255
2001-05-12,-2.2930019549571177,-3.291697227616472,5.63590750347341,16.91102539059115
2001-05-13,-1.915808662487805,-2.842601346846781,7.7991061099128896,15.479550838128985
2001-05-14,-1.1369316188840553,-1.484617222569189,8.36500654801621,15.302868948326008
2001-05-15,-2.1195614492137307,-3.1160969048041443,9.642516200694352,15.456994516641926
2001-05-16,-2.438406439164203,-2.5764897039400565,9.121545378129909,14.8989183127957
2001-05-17,-1.081375363921793,-1.9794264735075975,10.124316647416677,14.38992625176935
2001-05-18,0.028069085647815406,-0.5067186813775366,9.633942957232023,12.470569664820188
2001-05-19,-0.5366859077651545,-0.6780533554218726,10.726759759904695,13.423126024555646
2001-05-20,-2.241579019690407,-1.2125356479691631,11.831099185977614,11.316466126987727
2001-05-21,-3.6579509188113644,-2.6436800503890145,12.315303377869752,10.075201836123032
2001-05-22,-3.788894942074694,-3.06297141492115,12.764048773381997,9.971696774265535
2001-05-23,-4.220847846327056,-2.7997592523899653,11.787956301050208,10.523359698585597
2001-05-24,-3.1022882386989328,-3.1553767296599444,12.281573466491212,10.350271863411573
2001-05-25,-2.7274798367811903,-3.1089138178408744,11.390410267941991,8.835789389432316
2001-05-26,-2.3946928818472637,-2.401983463126448,11.814540003538413,9.69226884470638
2001-05-27,-1.8423913108728591,-3.1105350501985463,12.059567855374665,9.978169144415098
2001-05-28,-1.862511834356482,-3.684572805458954,10.604120813961604,10.979449097416794
2001-05-29,-0.5701500655023488,-1.984855694674828,10.92672004653226,9.934437903256914
2001-05-30,-0.713286234425198,-1.0663630872216268,9.730281991123935,7.754253854989153
2001-05-31,-0.2734167222707503,-0.3032102667626514,10.317898480379995,7.19764186956286
2001-06-01,-0.3784044857684121,-0.37954603145422333,9.906819356353928,6.879097171042262
2001-06-02,0.4078329426353702,-1.165618562428407,11.427060857214775,7.491131829050794
2001-06-03,1.4548510890728727,-0.7562775409623408,11.928248825588426,7.842377664596705
2001-06-04,1.366649426036839,1.0365320537842355,12.048508389626539,5.722267059332047
2001-06-05,-0.9609306007408058,1.0611430193048934,10.323142366173457,4.973822283065349
2001-06-06,-3.5748920853635817,0.16387995631217323,9.593292366232504,7.688981830487345
2001-06-07,-3.370904193595291,0.8350868894673051,8.608505160382364,7.150310636283903
2001-06-08,-4.064733585986898,1.4502365938899915,7.898617113979891,6.203974372491359
2001-06-09,-3.3474023716930525,2.9493455233655377,8.194519142814924,5.745520717849234
2001-06-10,-3.6800683389107625,3.7168028571587906,8.557225331224057,5.83707956663767
2001-06-11,-2.3474806275112687,4.0975376796062495,9.271184509763234,5.6892913797210305
2001-06-12,-2.537723121626242,2.7941030556889417,9.157959848265337,4.826768864972815
2001-06-13,-2.008647656023147,1.5801327751198901,10.515311526136596,1.8498581274868942
2001-06-14,-2.9882114194656695,0.436731877508564,9.037154922982578,0.0849628557939186
2001-06-15,-4.641064421891638,1.3497975052220503,7.795329620596053,-0.8048547753707533
2001-06-16,-5.6725035580962855,2.541600588222792,6.968122097709655,1.0156500932741594
2001-06-17,-7.2857437464925265,2.40071012581968,6.590529292399113,1.6502208255130557
2001-06-18,-7.79387188637863,1.2858851651577723,7.623140920425033,0.7295907610887598
2001-06-19,-8.97617935917237,2.0647805747617487,7.2062675871501956,0.7782394412688132
2001-06-20,-7.093306873101311,2.6382483218743324,10.352261324106337,0.4659523869122543
2001-06-21,-6.4856624755594865,0.9177956083595311,10.20286605692779,0.8146935309867189
2001-06-22,-7.6787143465300325,2.6296172473810313,9.67578868644247,3.366877393257054
2001-06-23,-6.475181400385526,4.045040246585292,9.306407706698428,1.3262678722381809
2001-06-24,-6.266635495862847,6.619054768723814,7.346854062985939,1.0853256870807801
2001-06-25,-6.88639542010303,6.938723091556661,7.97553172213118,2.1653098197747367
2001-06-26,-4.897678397932022,6.1115368109345525,7.556444295384674,1.7839158493956329
2001-06-27,-2.8791547002039906,6.559363892178007,8.63729234660812,2.6714002116326663
2001-06-28,-1.859663779240964,6.187856128060196,9.454454381222615,3.2698773310698495
2001-06-29,-2.79677155504853,8.071708534505214,9.08681044867049,3.6369600259399117
2001-06-30,-2.807376101202157,9.161172911032056,9.413842397993168,3.4558824081512256
2001-07-01,-2.192700700544545,9.451358042037098,8.10288225466547,3.6666445796225773
2001-07-02,-2.150096303616572,8.885490446245582,8.129394210696583,3.4535252122921754
2001-07-03,-2.3522237541505278,8.605616172681065,9.187647971674263,3.597844077863631
2001-07-04,-2.129430294674228,8.633388877425238,10.091779174161646,4.2588133498867204
2001-07-05,-1.7048547106778331,7.551966743724247,9.091207266918271,4.331567501609667
2001-07-06,-0.8883565848060835,6.536620664057882,10.744017405252594,4.74744919130884
2001-07-07,-0.8888131300325983,5.686126173859049,9.99134072487046,3.918568040516659
2001-07-08,-2.6227365018617306,6.004553008853756,9.51296727969897,4.6362141280399625
2001-07-09,-0.9602570926749772,5.2432866979398804,10.816339131997594,4.4072075421185835
2001-07-10,-1.6161586035525581,4.05701085233673,12.087761946454282,5.200967608337308
2001-07-11,-2.3469319308537893,4.229882913559579,11.750692928295027,5.678030998300788
2001-07-12,-3.429345408183063,3.667878562075825,9.151405617942164,6.150067400602009
2001-07-13,-2.5223446388731716,4.204306266468496,10.261635869210169,5.100145754140412
2001-07-14,-3.0214540456390617,5.701048348304097,10.703270677026632,6.099346046439201
2001-07-15,-2.1295576249860213,5.266077728541711,12.67563273927928,6.36142127082555
2001-07-16,-1.578926424243471,5.757824853164712,12.966284472709901,7.297074119475663
2001-07-17,-1.9099261476120009,5.150844155238579,14.269878174373025,8.496731336859582
2001-07-18,-1.5978766686142716,5.467646824713933,14.504172065332918,8.348104142802962
2001-07-19,-2.6882762146718333,4.733475364049405,14.314090025584528,9.163488521859085
2001-07-20,-2.498303771219673,3.5576315920430233,14.007664115922859,8.535887364495052
2001-07-21,-2.7819792057030006,4.367780997965559,15.740317136657579,7.544750559346686
2001-07-22,-3.500451897534713,3.675033860292236,14.946383752754128,5.378580725039827
2001-07-23,-2.447198299851237,3.4344720717256143,16.041824571436297,5.292043810716491
2001-07-24,-3.2636976447210078,4.0877777904457595,15.509106739035294,4.575731425573123
2001-07-25,-5.103163459960893,5.979944368776065,15.211989944850053,4.4056408200041695
2001-07-26,-4.423828879465173,4.872660866538649,13.48202167130935,5.858974389343086
2001-07-27,-4.073740794557156,5.831951855123588,12.899568606727334,6.182896064533615
2001-07-28,-3.757960672825634,8.020062523179599,14.341668995834672,5.451259693909114
2001-07-29,-5.116535017789807,7.848017072673504,15.252075909609676,5.394287207078875
2001-07-30,-4.5002721645008155,8.634651419443955,15.041489860519311,5.023663903406179
2001-07-31,-5.518696411591379,10.045968295532347,14.607557105738543,5.1784665511547345
2001-08-01,-6.0689867604541305,9.113955920257709,14.806327355141656,5.30272550240929
2001-08-02,-5.76384720836341,7.473603745532392,16.502241576157274,4.737492827539732
2001-08-03,-6.5945612235550835,8.04384194564614,13.063856648899046,5.511631387142355
2001-08-04,-6.243537692118394,7.206404986976153,12.340265193011998,3.511703534264226
2001-08-05,-6.241587786691612,7.203932604092283,12.422326067730303,4.205227182080256
2001-08-06,-7.380379121748757,7.367419775853263,11.274983374543822,1.7772617225781406
2001-08-07,-5.705544407088128,7.651909577880031,12.294394620175593,2.1803578973261053
2001-08-08,-7.835439259879334,6.7891240636405294,13.347341303539936,1.2712258968095842
2001-08-09,-8.111547504750213,5.416434136345531,13.309343271792057,1.5390422058463078
2001-08-10,-7.950488639787363,6.13216506638064,12.034990307086481,3.2745555368768144
2001-08-11,-8.015979279249114,4.808453488111562,10.931421926229902,1.8306117317783985
2001-08-12,-7.115603345011251,3.3292871377450233,10.529824257939486,0.9318987837660752
2001-08-13,-6.747684556984265,2.7103899994838083,10.654358307238233,0.6559287249778735
2001-08-14,-5.608659453506864,2.266708976291614,12.520677158533328,-0.8557143977509142
2001-08-15,-5.646832913897494,1.3723454708928329,12.1438988987302,-0.721108374887244
2001-08-16,-6.549333290616796,0.42392465527098666,11.988130892596866,-0.49442310165854153
2001-08-17,-5.5187959354422516,0.24037512559563073,11.132254660426817,-0.7466831626554096
2001-08-18,-4.916294839568657,-0.05176061677003008,11.03052029265077,0.12270552517772748
2001-08-19,-3.4380915406938386,-0.6846864985982263,12.537867893326474,1.2822436417081562
2001-08-20,-2.296659849489137,-0.8370023975785835,11.454588819327377,0.32082492244164185
2001-08-21,-0.5476336283209768,-0.737399165415187,10.38995745688735,-0.9516532991555343
2001-08-22,-1.2192694739249896,-0.8864681896226477,11.028470134422744,-1.2390363838978544
2001-08-23,-0.3449725357262974,-0.6857797627560407,10.724076088384734,-1.9745169009748362
2001-08-24,1.0286899363573012,1.3925710882119584,11.141525610271552,-2.5705061782433445
2001-08-25,0.48990480485457877,2.7624655712027817,12.148977697898621,-1.0894125148958902
2001-08-26,-0.35140597253294614,2.961911240799087,12.128306220560923,-2.2049603613900963
2001-08-27,-0.3207959049929616,3.5853486204244303,10.883642297261792,-3.2281233088484016
2001-08-28,-0.8227320337445049,4.634447621078891,12.084898247500291,-1.8705990252151161
2001-08-29,-1.2805309086188337,4.51728130807911,11.111484342909774,-2.1800556058209914
2001-08-30,1.2168905964891032,4.609204605502127,9.725436051034075,-1.2664609556954998
2001-08-31,0.8533292509378638,3.512560935853573,10.347673646829449,-1.129477819424726
2001-09-01,0.5443375229570171,4.440392401054964,10.505282381865284,0.3102763698961517
2001-09-02,1.96640797213881,3.750655771851692,10.679588568430244,-0.1034721021738878
2001-09-03,3.541138486370669,3.7637460116381796,9.954479516077159,-0.16476995781642367
2001-09-04,3.3154457212707706,2.7741716088632455,11.381302514805595,0.6502430533567758
2001-09-05,4.517255858930196,2.7856706269734763,13.034133730833911,-0.23352965848619756
2001-09-06,3.4642878048498673,2.3101083059284053,12.808362985474945,-0.7015487038566846
2001-09-07,3.7203462297763887,2.837223294559136,13.906557671009022,1.2540624841155783
2001-09-08,6.270496891804159,2.2618747810339483,13.659789394990916,0.24179372042700842
2001-09-09,5.8425659276021955,1.6827085036672087,13.203873521533643,-1.8968703776485938
2001-09-10,6.217121876713248,3.1845089051658855,13.734118769579403,-0.4065476420791061
2001-09-11,5.744945396782714,2.6729084794926132,12.792747642463254,-0.48718662187579254
2001-09-12,6.083335014950541,1.579316580687312,12.089981948281723,-0.5082008669799456
2001-09-13,6.423385429667714,1.8816147738515472,13.076371154467783,0.4954050466366602
2001-09-14,6.339970904599717,1.2752010934532216,14.390679249243275,1.0868735751612646
2001-09-15,6.099080999120609,0.2485361016071248,13.78194212242242,-0.8826925392197391
2001-09-16,6.4405579460198386,-0.13866483231384746,14.708377151577585,0.2883023299267229
2001-09-17,8.365651357160688,-0.8456825990963708,15.952075312809903,1.6420745318817582
2001-09-18,8.503456054084634,-0.2794824717828297,15.442239401872024,1.167934573540843
2001-09-19,8.98404535702228,-0.15170210254272934,14.421279028298718,1.2361798362332388
2001-09-20,9.379840512187872,-0.6390307089422606,13.823453704085857,0.9638272053220278
2001-09-21,8.031382320427191,-1.0842653237721378,14.441224886179137,-1.7835386553197037
2001-09-22,7.596419769013448,-0.6669288539040354,13.980169778436718,-1.7880155934054869
2001-09-23,9.125068217558056,0.8520295810904972,14.255782710675943,-0.6499947873130527
2001-09-24,7.8343101218130595,2.0597354215428245,11.808929683920386,-1.7220956296645689
2001-09-25,8.913179867706017,0.37016143641402954,10.80643242123184,-1.3265602898727513
2001-09-26,7.579778955544874,-0.4912239446680837,10.372953945146264,-0.692481918857864
2001-09-27,7.717796005537888,-1.5332528740191935,9.936473476230963,-1.8116643883711334
2001-09-28,7.7226429668221845,-1.4403860522980492,11.276798841080472,-1.2799361770774107
2001-09-29,5.625155701277061,-2.774342045462231,10.775252030479228,0.2910745182283274
2001-09-30,6.176025234767737,-4.175711414132881,11.932008067865493,0.0681623774250629
2001-10-01,5.474664858153989,-4.745240169098048,9.97904937298447,-1.1189061160829792
2001-10-02,4.2849433638377095,-4.089335892356349,9.43106402218457,-0.3959522482764075
2001-10-03,3.63840642922356,-3.387855943355681,8.112315864005625,1.119427095434528
2001-10-04,3.030692644348438,-2.4989044478437794,7.61475879792002,2.663774635921432
2001-10-05,2.901986186074919,-3.613902630009803,8.59770300934181,1.9168947877869265
2001-10-06,1.5328191087977083,-1.871412695999808,7.485623510842744,1.5290475855875763
2001-10-07,1.0041722991123425,-0.8257404784761155,7.485306638876841,0.19166434007003907
2001-10-08,0.9657730228870524,-1.5223991071549465,7.449503841606723,1.3283626903918444
2001-10-09,0.9357775803536528,-1.3958249849784983,6.5995160086498075,2.8775196674661707
2001-10-10,0.8797912688118832,-1.415675222264334,6.861918709900737,3.393056410090122
2001-10-11,1.580115363160222,-2.7578593935455213,7.830733589472696,4.1571585323337565
2001-10-12,0.9984270542378838,-3.6026057072217013,8.175815801649305,5.0282006023772094
2001-10-13,1.4568983705886023,-2.4339745460132507,10.284982218075347,5.952909926377994
2001-10-14,0.7902529248103558,-1.8706433181868336,9.71629625806207,6.004282075966468
2001-10-15,0.36220184463139576,-2.2719029468647576,10.34229261296047,5.943996587934228
2001-10-16,-0.305038919958824,-1.972025011957729,10.458940261758814,6.51816657573648
2001-10-17,-0.8023325950350311,-2.8745569727995592,8.574595044518706,6.565242905839674
2001-10-18,-1.6937474504672183,-2.6733232382489787,7.646384034199285,6.324429493508346
2001-10-19,-2.546949187032725,-2.07697397432832,7.618228136177239,6.720529119954268
2001-10-20,-3.2114150998382636,-3.300515150284464,8.210922938154052,7.528646892112717
2001-10-21,-5.993025063398455,-2.7308335784348783,8.037523281435465,8.085237003532491
2001-10-22,-7.234864909616718,-1.8772286744461808,9.487519456554256,7.839454236251312
2001-10-23,-6.468332441094871,-0.63441008778236,9.706597029470778,7.961086164753446
2001-10-24,-5.487938960070559,-0.6812061093512536,9.917703542971372,9.286801419668782
2001-10-25,-6.0029874782114785,-1.3801119498134193,7.842354583377415,9.117510825391975
2001-10-26,-4.740073874394415,-2.070554991224248,7.060375913153598,10.558149208532859
2001-10-27,-4.592556494123373,-3.876013653188477,6.445530254137783,11.125030177512594
2001-10-28,-5.448768740778708,-1.9696815914776606,6.58074855409798,11.954681556186552
2001-10-29,-4.271202341163905,-2.030255263821562,6.965967678414904,11.503339749611778
2001-10-30,-4.330598084245939,-3.227117374960293,7.654419276320689,12.205426785636483
2001-10-31,-3.8686173329976907,-3.156259939698365,6.198708768750648,13.259205768654148
2001-11-01,-5.0736273262456235,-3.005223277336188,5.969185360960973,13.099317687102833
2001-11-02,-4.567119268038453,-4.462328541861853,6.3421802182394895,12.758549699372832
2001-11-03,-6.154066280881029,-4.965807780147414,7.441900608650926,10.996794827780914
2001-11-04,-5.895645109107181,-6.811281947767996,6.743797328339488,11.479304648981248
2001-11-05,-5.8265601022798235,-5.707053439135288,7.146122365014489,9.985806306151394
2001-11-06,-6.715170819707254,-3.5682669522034356,5.7534089442359795,9.172893249889162
2001-11-07,-6.139422742703171,-2.573258657516037,5.8477143980813056,9.09263858295853
2001-11-08,-4.758176726343933,-1.7844192549375923,5.190256176641479,8.204532620490244
2001-11-09,-6.135293541802456,-1.2587884633952169,4.784278916216961,9.345863750946064
2001-11-10,-6.328571994174624,-1.237494608943022,3.1598778203218685,8.566792840186764
2001-11-11,-5.973677182580091,-0.06356373141323424,2.1073408108279734,9.664155125853396
2001-11-12,-5.9416878348319875,-0.3883099163678747,1.0526550082778874,6.653697774390427
2001-11-13,-3.629472281136056,-0.08139965618844308,1.341588396982993,6.515783552178626
2001-11-14,-1.979814615518705,-1.242341408059724,2.113629847890954,5.665116584528661
2001-11-15,-0.18327135344535206,-1.385818516226703,1.9739753344263513,5.653177916797476
2001-11-16,0.017578250765702824,-1.3457307837374823,1.7398652414731743,5.374894505901801
2001-11-17,0.12207437276248773,0.10401724650817945,1.6512645412262101,6.557651037322554
2001-11-18,0.7466031985460366,-0.10624174691398963,0.5816347188013977,5.913665370093035
2001-11-19,1.613085687729542,0.09536185843125133,0.07369990452016584,4.174945218778198
2001-11-20,2.1400895861474036,-0.31525207237556235,-1.3728059995796873,5.472672149311409
2001-11-21,2.5038656011619542,0.5315557546980403,-1.920181753534081,5.365023704443502
2001-11-22,3.1194403321413877,1.0826947911970517,-1.7820824316860016,5.1615287738042905
2001-11-23,3.567842961845344,0.5951936919947037,-2.3431130046458266,4.2452345132384615
2001-11-24,2.9587457785014295,0.4970814149065763,-2.4559396013675343,3.1497774293038883
2001-11-25,3.704300661247938,-1.1143889427039309,-2.8013166839948265,0.6458721459730272
2001-11-26,2.685909267456752,-1.7208154177689563,-3.865167012038095,0.791344807765743
2001-11-27,1.8320321540173747,-3.7212130767404945,-4.050211590102058,1.9270896787759955
2001-11-28,1.424882369607063,-3.487469547049668,-3.477807445459756,2.732681658241438
2001-11-29,1.1819938743207938,-4.373683956935951,-4.315402000123221,2.1803289446150957
2001-11-30,-0.19435632685043758,-5.694338869797097,-5.246134233112962,2.861837745647147
2001-12-01,-2.33614589119642,-7.550605962469202,-5.111176824132404,2.0492613043253933
2001-12-02,-1.4736965802539688,-6.764049740784352,-6.698978613431551,1.7000893804146158
2001-12-03,-1.1423895707674818,-7.380467275965055,-7.014923918582501,2.666217645284741
2001-12-04,-0.41666725544548466,-7.331438484420981,-7.132219216491105,1.0902233910075156
2001-12-05,-2.217601987334068,-6.077725480471273,-8.950826294399157,0.9527000295270115
2001-12-06,-1.641055345303465,-6.957495123012032,-10.616326578677668,-0.08728544873392041
2001-12-07,-3.668033688294685,-7.009636326694533,-10.425756321332477,-0.9182804473554316
2001-12-08,-2.389037247141556,-6.909072109922487,-10.710792662108291,-1.5162112763718971
2001-12-09,-3.4044812950857084,-7.401009549543572,-9.495952319963411,-1.3564045549019712
2001-12-10,-4.902291135010094,-7.242987774170482,-10.176391106240274,-0.22196112224897369
2001-12-11,-3.4049686728403254,-7.822444477289715,-10.48405533758101,0.0671434790936063
2001-12-12,-2.1271763682585973,-7.310944873398695,-10.629150597801601,-0.751161237314445
2001-12-13,-0.4270260487316093,-7.880393716188639,-11.407110111266661,-1.003018140491023
2001-12-14,0.8423783664973421,-8.737243454598968,-10.138456289722045,-0.08667054825053533
2001-12-15,3.47924619443166,-6.680273464149504,-11.104933065587138,-2.328674219175218
2001-12-16,5.092528459423303,-4.806399648126878,-12.29382049628897,-2.0769292863676245
2001-12-17,6.51482044432753,-4.245240243132067,-8.968868840506286,-3.020990101643669
2001-12-18,4.504588030577729,-3.6486978973461865,-8.942846591147843,-4.293297243815611
2001-12-19,2.9209487934732525,-3.3025421603788425,-10.040397313729374,-3.801714912730636
2001-12-20,3.5953435486037573,-4.666066885221523,-9.254823455945257,-4.578466680753599
2001-12-21,3.0371722744937237,-4.698023836009749,-8.991876075923745,-4.21996659502099
2001-12-22,2.5419468198017334,-5.601105917553317,-7.439314335377986,-5.722525081331751
2001-12-23,2.4294178391823773,-5.042058213434697,-7.52322737334804,-5.031509694145068
2001-12-24,1.847582947120022,-6.973250004092211,-5.196399166723319,-5.185252899080346
2001-12-25,1.0688782553740293,-7.908994904071063,-7.00608175094351,-5.060702313259275
2001-12-26,-0.008081750533602161,-8.087371222087986,-6.958322633693397,-6.118321098558489
2001-12-27,-0.1549732437995714,-9.177244593461948,-8.421943190910865,-6.431804841373231
2001-12-28,0.2052596872287576,-8.739533295511599,-7.692599156789676,-5.470203597401816
2001-12-29,0.25711693786994383,-8.636950042724898,-8.468876025734343,-6.399693103374921
2001-12-30,-0.3524130037769969,-7.37487618588305,-7.6376578612874795,-7.589234100413491
2001-12-31,-0.9388351245673007,-8.980579755666072,-9.11928460255875,-7.484583650997772
2002-01-01,-1.6674148876626882,-9.096115637536588,-10.710950236599906,-6.433008019922875
2002-01-02,-0.5364297095032362,-8.599466718278357,-10.13868831864042,-6.625695005901516
2002-01-03,0.3925930011118084,-8.760314863247231,-11.491775238718276,-5.15660207346895
2002-01-04,-0.8819450280011369,-7.972391128673731,-11.187880184175555,-5.672668587006838
2002-01-05,0.6402964187570941,-8.883305660128185,-10.15513073958126,-7.267285208442864
2002-01-06,0.9872382491196645,-10.442641398112192,-11.668934031437974,-7.666050347753691
2002-01-07,2.6973882404644254,-9.792115074875252,-11.079307709062393,-6.267284845588246
2002-01-08,2.4342438778261255,-8.652098706896618,-12.432290485586082,-7.852001631872084
2002-01-09,2.5596933212938833,-8.850699427335561,-11.431319407925901,-8.475657386057023
2002-01-10,1.3224981842707006,-9.323892202008015,-11.234464257491735,-7.833154243412634
2002-01-11,0.21302512166295284,-9.185225307018854,-11.853548644974081,-7.270928899042214
2002-01-12,0.3149908065355662,-9.430179929870372,-12.161319547857799,-7.245156040994148
2002-01-13,1.3766078354713687,-9.721812743144204,-12.035712508323005,-7.34724977233033
2002-01-14,-0.8144651692313374,-9.328655694944858,-12.063364721344483,-7.187782747849668
2002-01-15,-0.8912896064335817,-8.356353738756045,-11.974205971087802,-5.870700052951171
2002-01-16,-3.6446435532620605,-8.206595897233955,-12.956516853963462,-4.71457850376041
2002-01-17,-3.310345967224418,-8.916706245689635,-13.60299495308653,-5.080246788856572
2002-01-18,-4.087158026246252,-8.800747233518695,-12.991505559657536,-4.16408696099477
2002-01-19,-3.1466999957687936,-7.201218296473334,-11.742366493489962,-3.944414913815525
2002-01-20,-4.553780148004973,-7.249440982669784,-12.904398986100514,-3.9521480533317077
2002-01-21,-4.417786100955101,-7.538038194135937,-12.742840287300178,-3.6104687292744972
2002-01-22,-2.270446985171268,-7.816461559315031,-11.625202932756029,-1.5868274341219153
2002-01-23,-4.2168450617902415,-6.826774376111726,-12.027516268386844,-2.051170670447837
2002-01-24,-4.912226453284117,-6.0382459697199025,-12.91238741070214,-1.6690063098038443
2002-01-25,-4.954797705076342,-4.6716007889371,-14.553025653607872,-2.0726610205580287
2002-01-26,-6.338183319293531,-3.7030534059874127,-14.9130734324494,-3.533904689373791
2002-01-27,-4.114749456675701,-3.765074139826438,-15.592171885104959,-4.218834137856708
2002-01-28,-4.690581388632077,-3.7130456032889585,-14.185125895545564,-3.774502096630944
2002-01-29,-5.422544408698531,-4.925607447570186,-13.328371724802054,-3.5973981980483507
2002-01-30,-4.932133846246965,-5.8507070399279675,-13.17603975758453,-3.6761948685050188
2002-01-31,-4.9063303132998355,-6.488135923529894,-13.136254398877881,-3.4977772753150402
2002-02-01,-4.048219534353937,-7.004015393131994,-10.803629668325469,-3.478598991910733
2002-02-02,-4.800482869189375,-7.222092774235624,-9.828872117036855,-3.2656728299701463
2002-02-03,-5.110511707024989,-7.970725493447342,-9.728381581690615,-4.768291620232678
2002-02-04,-6.34902546331432,-7.447008228050797,-9.467541493794997,-4.05932444266546
2002-02-05,-6.241709501254851,-7.251387329014532,-10.045373845948248,-3.176739004758723
2002-02-06,-6.203391262960573,-6.974928463080681,-9.957840969414725,-1.8221128287333768
2002-02-07,-7.606663760129388,-5.536662127781633,-10.13450031095692,-1.1734731142201984
2002-02-08,-7.337142634708168,-6.867943126980192,-10.910465449585049,-0.5886724334244592
2002-02-09,-7.8518469558681225,-5.953593957938426,-8.9644160028954,-1.880539426629396
2002-02-10,-7.754670086126049,-6.288242614222054,-9.575280156072596,-2.193644090391238
2002-02-11,-8.551251561083104,-6.148964270127398,-10.033627627709734,-2.7850313734260927
2002-02-12,-10.348643843855433,-5.622870241790408,-10.3850446339212,-2.973313208825632
2002-02-13,-10.22865927260341,-6.730460399966433,-11.165193621329053,-5.370432392521296
2002-02-14,-9.058907564038186,-6.364788011492409,-11.777985963549934,-5.959870507280659
2002-02-15,-10.467950300890482,-6.429833358980797,-10.78566703557556,-6.225946363443067
2002-02-16,-9.416670871173482,-6.5615631178948,-11.612781050300558,-5.029772412212992
2002-02-17,-9.617940589450114,-5.939116884734466,-11.229719999702239,-3.417769489593842
2002-02-18,-8.573581334646354,-6.568816231973303,-9.561790052279779,-1.6111398834962463
2002-02-19,-7.706051285587886,-5.565296517615166,-9.58674467510692,-0.8608788749805288
2002-02-20,-9.617506551171942,-5.001794932191239,-8.790125530307366,-0.8775034190794917
2002-02-21,-10.784880194105941,-5.7954304757584785,-8.173609081195822,-0.2507083816846317
2002-02-22,-9.824809454766088,-4.962863898178534,-7.749603901848174,0.9652882516080413
2002-02-23,-11.509933721082856,-4.892900755711674,-7.892479379912879,2.4581710444530596
2002-02-24,-10.745463646626408,-5.273868477939196,-5.7618783021011595,3.3252568585172866
2002-02-25,-11.471567519885175,-4.861743888079269,-4.746331165408765,3.1446569814167065
2002-02-26,-11.056102783483354,-4.89974896820638,-3.6720664575521536,1.9941969940657205
2002-02-27,-11.576490223925564,-5.012933866223482,-3.045540353227617,3.4339442372122795
2002-02-28,-11.240781978451267,-4.484659682938512,-2.7141215313496083,2.687863874880662
2002-03-01,-11.21762239748418,-3.8541675959613206,-2.5737754239391,3.2549352618390106
2002-03-02,-9.810231320702204,-5.67954398195415,-2.988745691704618,2.9731446246920963
2002-03-03,-8.362604455619621,-5.915995184219468,-2.950233385650947,4.674193380915318
2002-03-04,-7.77103204787393,-4.495446175073082,-2.71335398058548,6.229391419915897
2002-03-05,-7.91003927210739,-4.486336838477277,-4.070905418249663,5.83991728816694
2002-03-06,-6.652319665462541,-5.6095808024473355,-3.429275260554682,5.541694843285532
2002-03-07,-7.001399459524409,-5.668841012265059,-2.0905723327833505,5.923050190188169
2002-03-08,-7.458543462833861,-4.935656157405042,-1.6122910405129578,6.487990894886767
2002-03-09,-5.499068134664165,-4.683679642784911,-1.5469509565000097,7.5819038114379325
2002-03-10,-5.42592380565196,-5.0288367742254225,-0.5630898672663388,9.010147821062898
2002-03-11,-5.7975015888411345,-1.8825633700501174,-1.3000153010459883,9.831544256880965
2002-03-12,-5.582202595465299,-3.5604049532777955,-2.928401456317634,10.719602975728998
2002-03-13,-5.092172551018312,-5.043467575364774,-3.2703017401109387,9.57639184356061
2002-03-14,-3.1255540546169067,-5.552605201663823,-2.171151087865195,9.094407099073011
2002-03-15,-2.7345870946800517,-5.043085069115835,-2.637680323773266,7.705934026012093
2002-03-16,-2.4323921936691293,-4.630237609993278,-2.1667277902465876,6.211972621517732
2002-03-17,-1.029294839615933,-5.19657149266104,-3.2281089334635196,7.574327494693541
2002-03-18,-0.6480059467856785,-4.770607019834971,-2.4220219748688683,7.558629530940968
2002-03-19,-3.353553999389942,-6.611095146835488,-0.37003709602895185,6.538117143268268
2002-03-20,-2.7820535276580864,-5.6149688169739225,0.47941716845817484,6.4463030754149635
2002-03-21,-0.2769990142838821,-5.737146774457176,0.14636018284761548,7.324035710522756
2002-03-22,0.67389552347609,-4.337193172228411,-0.08843425576183092,7.961024264545672
2002-03-23,-0.4154227801591134,-2.958405582250166,-0.23367965808741673,6.8361101667120145
2002-03-24,-1.0319781402069532,-3.9097305380717993,-0.09034423231073585,9.475445179350347
2002-03-25,0.996596700526859,-1.8800007528119735,1.0417503003441744,9.46280195566411
2002-03-26,-0.6072134405781693,-1.8411947468618477,0.3001483006071264,9.04931018483619
2002-03-27,-1.8625547762328871,-2.6356694114608503,-0.34607716046677084,8.48765637040699
2002-03-28,-0.1566830371953578,-3.46735148817368,-0.13015539259658626,7.984605499869374
2002-03-29,-0.12106220026235115,-2.9650026619050402,-0.6201103588283621,9.735602219152415
2002-03-30,-1.6080574183783873,-3.217910807093698,-0.3377751841872413,10.785921646232046
2002-03-31,-1.0139670261303229,-1.1697375336474916,0.08257814849834944,10.856709026160578
2002-04-01,-1.0181464705811876,-1.7694739077351818,-1.142664368909208,10.268749972056103
2002-04-02,-1.9218838755310443,-2.4959951991447316,-2.128003518049066,10.304541111211684
2002-04-03,-3.303229155287442,-1.4827657033507986,-0.38158031949528515,9.83350857106886
2002-04-04,-1.4635197520426495,-1.2642234305588917,-0.5504834602782686,9.71263075352194
2002-04-05,-0.9754307164162062,-0.7258942126263618,-1.330358857400915,9.619996465022517
2002-04-06,-1.365427255104515,-0.073542171157577,-1.6420336154359487,9.421262138402001
2002-04-07,-1.9803416342584066,-0.4375807319352505,-1.0946976933466934,10.334047929869103
2002-04-08,-3.184546799572712,-0.1755509365491318,0.09903550878576217,9.758759629691776
2002-04-09,-1.1315105617012269,-1.8213564844491725,0.9832276146631955,9.328161551720612
2002-04-10,-2.693255098780999,-1.1699097122949285,0.8406384015370456,10.020794156418644
2002-04-11,-2.885773578916741,-0.42935789055868157,0.7579039454826887,10.406922162718311
2002-04-12,-2.6353076645648255,-1.629917023013335,0.20981135103991577,13.239141506467865
2002-04-13,-2.530068385963724,-1.1791689826549423,-0.7812266031033003,14.325832845971892
2002-04-14,-2.54868081755027,-2.650116186600933,0.14719196022870318,14.633987241405137
2002-04-15,-2.940266193229573,-3.953907996290859,0.8336646612454416,15.40744553793477
2002-04-16,-4.177816841204153,-3.232950572588262,1.1027824441535279,17.069696115755175
2002-04-17,-3.5170781358625383,-2.0342230895181785,0.6780627849991703,15.145241512235026
2002-04-18,-2.6996875467735535,-2.8303406040703827,-0.8283641411245504,15.420988194174894
2002-04-19,-3.3949195170929523,-2.2070513627072676,0.6745966582324106,16.225797564343477
2002-04-20,-3.3000577798982635,-2.255660688574574,1.5451035257051686,16.842346676596176
2002-04-21,-2.9017227355091837,-2.095808669756396,2.7209751701863425,16.512101753528537
2002-04-22,-3.2786681396337904,-2.3374182966310406,3.150697756154147,16.820708097385754
2002-04-23,-2.3377390033448826,-2.7493742833928674,3.2080019820852463,17.542586914576948
2002-04-24,-3.1082316306716673,-2.5443798710403662,5.012871078831513,17.931365249460097
2002-04-25,-2.24410936818127,-2.5565517929500383,6.010128125114278,17.538014551108144
2002-04-26,-2.5228932214047752,-1.9588999468022212,4.852369456515979,17.06620053207778
2002-04-27,-2.616148306141607,-2.0389493212600507,6.595724681571525,16.66560058129051
2002-04-28,-2.3583722868973767,-2.489347000460173,6.453277936591807,18.109599253852185
2002-04-29,-2.7122680576496387,-2.158640182730206,7.430634586444639,16.499900173940663
2002-04-30,-2.287857445680779,-1.1891463246186071,7.46743693437971,17.143301629471523
2002-05-01,-2.618189496622505,0.17215038142852968,8.456942444558182,16.00219003493884
2002-05-02,-2.221496419111081,0.47460828088781637,8.48856154138286,17.179126571651803
2002-05-03,-1.341017273887413,-0.44935383116540184,8.460104200130045,16.90176846559592
2002-05-04,-1.4456945747644232,-1.8518757865778008,8.561613691396662,15.909069108182134
2002-05-05,-1.2797154247384166,-2.124236263542503,8.011603456120525,15.585083907478175
2002-05-06,-0.849720807231497,-1.5401920922292474,7.3984961021146605,16.00975224201404
2002-05-07,-1.469629798456484,-1.045539626365764,7.895396407254314,15.22740552255803
2002-05-08,-2.81389062955969,0.32819277926309853,7.683617928099229,15.18027348054584
2002-05-09,-4.148869302716947,0.42061691758014663,7.922849837267712,15.722974273559274
2002-05-10,-3.819704126261712,0.7603274696593715,9.677725011612017,13.647452136485327
2002-05-11,-4.774932969683536,0.04331343000545562,9.05620629837814,13.391831018067
2002-05-12,-4.713514490504408,-1.107939709752192,9.424993644569396,13.981365405012388
2002-05-13,-3.895636233602675,-1.049264881024301,9.131128657229667,14.089713804640205
2002-05-14,-2.6638136352334945,-1.0256742991677066,10.135371204847836,12.790923019929494
2002-05-15,-2.7084231561353787,-2.3915257549019726,9.80191896017045,13.482642302926495
2002-05-16,-3.155119128389919,-2.418297479489495,9.23435085997416,12.104947299287442
2002-05-17,-2.370409999853115,-1.8969847960858293,10.203670359001968,11.853654368935821
2002-05-18,-1.1576719876067942,-1.476545064978687,11.293809210588552,11.132203073191215
2002-05-19,0.1836316920289267,-1.5522287357004183,10.008633184988525,11.49437666106451
2002-05-20,-0.3721940710255439,-2.7939056856428524,9.285168304544111,11.162222494214465
2002-05-21,-0.04895739103261276,-2.562807044104586,9.193508981173622,9.908025134476894
2002-05-22,-0.5803673242652532,-2.314718198137773,8.855410420750204,11.015635975573783
2002-05-23,-1.3145676842868106,-2.934330738826014,8.855269268298077,11.474585569429678
2002-05-24,0.4903739252131778,-3.2783721483383075,8.29369027585808,11.127471853931374
2002-05-25,-1.778773838171799,-3.9217785092271464,9.324566105151833,10.387194991886853
2002-05-26,-1.7000569445185643,-4.029240163578218,10.063861999823912,10.199360872398964
2002-05-27,-1.0218294472117226,-3.415772751726373,10.310829710671799,8.839102971251227
2002-05-28,0.08336271662454231,-4.018026416333334,10.818318562473083,7.032316251648764
2002-05-29,-1.5794505621287287,-4.7715127695348105,10.26516245795789,5.4751232140502655
2002-05-30,-2.596214393360694,-5.436099983280288,9.644021010793663,7.113187460087684
2002-05-31,-2.3342703500011295,-8.40542310018955,11.049821925354737,6.2636862332396275
2002-06-01,-3.7408755477100453,-7.788461214434677,13.034033520361687,5.293770876403933
2002-06-02,-3.3970457729469437,-8.385122364088344,13.044845671323896,5.798494941872679
2002-06-03,-4.371683413328067,-8.36827288787154,10.351162179378747,4.891055841694088
2002-06-04,-3.5733958609670404,-8.992702143325898,10.171104545822251,3.9036848954663386
2002-06-05,-3.5505484659819833,-9.869418387873766,9.63373235154352,5.042052442694785
2002-06-06,-5.501999545616465,-9.472454269710225,9.812494668090022,5.431319471639897
2002-06-07,-6.004842121977567,-8.640837825594398,8.110792746443042,6.555311902954799
2002-06-08,-5.585826256467588,-8.613329077244435,9.036725768126784,7.365554508504174
2002-06-09,-3.852895732076142,-8.675345120983257,9.303705716802554,5.944759947046706
2002-06-10,-4.835895775629399,-7.042545575538029,8.32924897630466,6.306436741062156
2002-06-11,-3.731583845097148,-6.100556214488627,7.417498794944704,6.6917325460244665
2002-06-12,-4.469499034772625,-7.004912953286369,6.414727762157217,6.446731707871292
2002-06-13,-4.111616469033745,-5.283146470275266,6.768957762912395,6.324680661435832
2002-06-14,-3.247417408567135,-4.526915294760748,8.37537161327176,7.774453912863124
2002-06-15,-3.094673358245197,-4.869298579390647,7.703319453939645,8.412374707449914
2002-06-16,-1.5905658316037834,-3.854688756891302,8.692164830735186,7.882672535638036
2002-06-17,-1.6597341103070176,-5.328100392699243,9.249295083560378,6.299774823494244
2002-06-18,0.6720811119751215,-5.592709677477414,9.461009972563092,5.377924738246377
2002-06-19,0.9959232490871215,-5.062645722356789,9.58993819205575,5.29985543799479
2002-06-20,2.2501864213867826,-5.86789814984206,9.568737731498999,6.643366120617996
2002-06-21,2.917106061127781,-4.277381111147404,9.800927476344382,6.457045209736575
2002-06-22,3.17786128359037,-2.603165903338529,10.951072538172967,6.094785994832803
2002-06-23,3.2314303368346846,-2.4381038865724447,10.655178747235201,4.435235701369581
2002-06-24,3.37995071080282,-2.8588089563350056,9.828895333533783,6.851515448602923
2002-06-25,3.158693159682919,-4.748083024810159,7.904264400520466,6.1948331067621005
2002-06-26,2.9191471482663953,-4.241620086876714,7.1410092238073135,6.952804175632185
2002-06-27,2.6225825543525,-4.248785001588516,9.15251523917951,6.75893945304689
2002-06-28,2.3484718704572534,-3.9138364091907043,8.717010465174415,6.2399924670788325
2002-06-29,2.995241204749389,-2.4741029807254,9.1610415416858,5.292295212765911
2002-06-30,3.0443299681379346,-2.6162675163435467,9.004849622453197,3.8490757456068243
2002-07-01,4.4911436127508075,-1.8636718483838113,10.554729222213581,2.821078334905759
2002-07-02,1.6291790946053823,-2.575333451785516,9.899212670138748,5.275773922634627
2002-07-03,1.6412852694461455,-3.142272320141477,9.77429655725943,5.698236190196578
2002-07-04,1.2545295438409378,-3.079348052016319,10.336803361334956,5.320899910685564
2002-07-05,1.2832063964370988,-3.2526070579417103,9.386662160897242,6.085758459074772
2002-07-06,2.503446201348119,-5.70596506784699,10.409440530812228,5.207437850906057
2002-07-07,3.5160221498412705,-3.416546622897559,10.832975668122213,3.0617089098719537
2002-07-08,2.513815334304307,-1.9028288983417985,10.661914095010172,2.634488313631603
2002-07-09,4.059218539324597,-1.9456103830812839,8.31219537476668,3.183174926225993
2002-07-10,3.9842307386225975,-1.3006421180380245,8.12139083322511,3.8563901315110747
2002-07-11,1.9489339558488181,-1.0722939610590299,6.1289806753741765,3.331798468936798
2002-07-12,1.368906870337965,-1.5860244183516308,4.378485055115055,2.711141069744742
2002-07-13,1.3419229720081192,-1.564232229945175,3.1409768239644515,3.312200156709256
2002-07-14,0.4528259168423191,-3.712326993309973,5.196444891981275,2.013400851032004
2002-07-15,-0.6848759995656643,-1.7946254352160538,4.6839485957845675,2.0561535664266457
2002-07-16,-0.9010552923544806,-2.29544090271549,3.981472059252451,2.8643011731795194
2002-07-17,-1.7951721545743728,-2.8408132332492295,5.083766447582606,1.3107968315356013
2002-07-18,-2.970766101182589,-3.194570537834458,4.781268037395555,0.24408255075834262
2002-07-19,-2.1735187586351628,-3.564664217030656,2.132665450139072,-0.845433013897499
2002-07-20,-3.4016950370768626,-5.222533869908434,-0.04196752613810828,-1.581751269211316
2002-07-21,-3.575918582438728,-4.638751956015801,0.6091840332191917,-3.197063839347762
2002-07-22,-5.482289383819253,-3.5080657286114953,2.1630339538075445,-5.263250022608105
2002-07-23,-5.631098418675257,-5.142213629735577,2.3417001690800006,-6.694105646490963
2002-07-24,-6.295366009965603,-5.626922832775055,2.5895504954294677,-5.373823515788666
2002-07-25,-5.424807818934451,-6.085992363869928,0.6947638151340254,-5.270392444875148
2002-07-26,-5.3996273970669995,-5.287445392135979,0.5826021100428636,-5.4597693229177064
2002-07-27,-6.163923548021822,-5.982508726709482,-1.5824647136689591,-7.089424574749013
2002-07-28,-7.2099534466322694,-4.982205664719016,-2.467335990787861,-7.780176220392611
2002-07-29,-6.456856856144671,-7.062273622988964,-1.0946115902500606,-10.2152953241505
2002-07-30,-6.559692344155725,-6.100259911506583,-0.023447677149750046,-8.341213212741549
2002-07-31,-6.934190173020786,-5.4966909824228765,-0.3680176363419745,-6.987216594609914
2002-08-01,-6.525671379045776,-5.004464227938542,-3.044507056707591,-7.216116017935068
2002-08-02,-7.622864946997067,-4.809960249928369,-2.3750442503403155,-8.011229429634206
2002-08-03,-8.95764463387557,-5.032474980000899,-2.858291726232152,-6.965994198056846
2002-08-04,-10.222795280550114,-7.230749641003436,-3.4887174379420407,-7.6683874571901045
2002-08-05,-10.282446969368197,-7.738918319191402,-2.047293444920444,-8.619887754450442
2002-08-06,-10.945278166279346,-7.542942989872276,-2.3691044873890754,-7.8478210838271085
2002-08-07,-11.35949825287689,-5.8980463506035825,-3.073309120265086,-6.939204768419345
2002-08-08,-9.60378839622628,-6.551950569280544,-2.6719823757719707,-6.547437178023016
2002-08-09,-10.865625619267384,-7.0206616706250635,-0.6176946178963774,-4.845250224186264
2002-08-10,-12.185854274242923,-7.8177003846958835,0.021177492160020295,-5.278658126973861
2002-08-11,-11.564940638184147,-6.989915188247089,0.13987450537277624,-3.733582959622419
2002-08-12,-12.083315250903375,-6.889399574784812,-1.1880055836638928,-4.363676302841515
2002-08-13,-12.712728056882643,-8.004574842035193,0.7746166093716282,-5.337321012508239
2002-08-14,-12.659798908832444,-7.876330309006251,-0.37561383528392334,-4.368417241711992
2002-08-15,-12.76494918120804,-6.202371690233089,-1.065602297056523,-4.567485862671131
2002-08-16,-11.707057052646121,-6.581596523456965,0.8344052679753977,-4.2388691649070624
2002-08-17,-12.332584061897307,-7.19757438319035,1.132802707337845,-5.7930597244453015
2002-08-18,-11.15935018158827,-8.117144532859403,1.3343468355454138,-5.4910950625295145
2002-08-19,-10.65921861840068,-8.107137116513785,-0.6590867027593708,-5.144068697865512
2002-08-20,-9.195788907073196,-7.002933370593982,-1.0439743251982994,-5.297105137957741
2002-08-21,-9.245344213519276,-6.275966963173387,-0.2958804046803427,-5.264078420531385
2002-08-22,-9.42815269248774,-5.1770354830967165,0.09310430334117231,-5.959419822727981
2002-08-23,-9.102932722581121,-5.129278932059486,-2.191950230264415,-7.253359218014683
2002-08-24,-8.423190754852987,-4.494297224425407,-2.959600762040047,-8.107299984790373
2002-08-25,-7.60735093072191,-4.460321136968026,-2.560512252809921,-11.022461491936452
2002-08-26,-7.827520203015664,-5.405101250247304,-2.5361398291266055,-10.984130688167179
2002-08-27,-7.513677544519954,-6.525329100880708,-1.1762853846984664,-11.180457436072846
2002-08-28,-8.942003811790347,-5.961758387479803,-0.23562147180973358,-10.387294293275936
2002-08-29,-7.093380320867954,-3.54275150653479,-1.1516408259504463,-9.609846949027727
2002-08-30,-8.734280760854409,-2.2388896457057044,-1.5414855560020186,-9.949132833537254
2002-08-31,-8.25921249162261,-1.4947730602734326,-0.47545305001043303,-10.078327141874622
2002-09-01,-7.353010565424281,-0.7771662072343314,-0.2282800958324532,-9.657055900856731
2002-09-02,-6.631251589695974,-0.4238131581481861,-1.7934120976195702,-10.532667214468239
2002-09-03,-5.8040930737646175,-1.9813045248358867,-1.9347479172638176,-8.619334936523224
2002-09-04,-6.04489008621848,-2.1386760890544676,-2.9048865892599434,-9.312399084737555
2002-09-05,-5.164226120284335,-2.853598556749066,-3.5565322286824665,-8.740521866529834
2002-09-06,-5.222716793907187,-2.582451979918453,-4.924094397593933,-9.35975028579367
2002-09-07,-5.512642252041099,-3.8233045943536204,-4.920187711340899,-10.233656203101424
2002-09-08,-5.60178097587931,-3.889705397045983,-4.948413026810144,-10.128108254398352
2002-09-09,-3.5795907677445276,-6.53762019403532,-5.791685747154107,-10.352937499716534
2002-09-10,-2.873532797343583,-7.26718143374793,-5.890110477927089,-9.329385715057104
2002-09-11,-2.295358036624002,-7.739367715687891,-5.032679917464746,-9.297558738455402
2002-09-12,-2.533456478246718,-8.372637005801618,-5.252030292514593,-8.960599804546
2002-09-13,-1.9875584236636623,-7.154322582443862,-5.109403050179273,-8.25261980487777
2002-09-14,-1.9042961232361355,-7.901412859278112,-5.289143486069845,-8.604661221313952
2002-09-15,-1.6069826976129602,-7.511688860777246,-4.918260751064347,-9.145857549370191
2002-09-16,-2.3943782876425157,-8.584519670586964,-4.860254865654501,-8.109640625379427
2002-09-17,-0.7901266222117285,-7.86922942535219,-5.1586123554729975,-7.963902176395992
2002-09-18,-1.3503639723537022,-8.594950363735103,-4.031307191036009,-7.439123118011043
2002-09-19,-2.0487496607948437,-9.764828966703625,-4.102012957298307,-5.60845433535933
2002-09-20,-1.2956212215978336,-10.590181300426663,-2.7853245042019186,-6.1675073465128305
2002-09-21,0.1907703433824437,-10.737699703905804,-3.5661324461878015,-6.27971543662548
2002-09-22,0.02475922279866577,-11.384485011777505,-3.4118900538037233,-5.3004161911015295
2002-09-23,0.19281038394773017,-11.972040346097023,-3.4609797183144764,-6.471035044571924
2002-09-24,0.017024354951199916,-13.005867686128987,-2.6185517769713798,-6.628676303235485
2002-09-25,-1.3539277300050696,-14.141933549574546,-3.4036772775580872,-4.194263896592702
2002-09-26,-1.7364336787005785,-14.666386750979187,-2.6763667537043165,-2.8914348547267297
